1993 Compendium|1993 Compendium|2000 Compendium|2000 Compendium|2011 Compendium|2011 Compendium|Description|Category
Codes|METs|Codes|METs|Codes|METs||
||||01003|14.0|bicycling, mountain, uphill, vigorous|bicycling
||||01004|16.0|bicycling, mountain, competitive, racing|bicycling
||||01008|8.5|bicycling, BMX|bicycling
01009|8.5|01009|8.5|01009|8.5|bicycling, mountain, general|bicycling
01010|4.0|01010|4.0|01010|4.0|bicycling, <10 mph, leisure, to work or for pleasure (Taylor Code 115)|bicycling
||||01011|6.8|bicycling, to/from work, self selected pace|bicycling
||||01013|5.8|bicycling, on dirt or farm road, moderate pace|bicycling
.|.|01015|8.0|01015|7.5|bicycling, general|bicycling
||||01018|3.5|bicycling, leisure, 5.5 mph|bicycling
||||01019|5.8|bicycling, leisure, 9.4 mph|bicycling
01020|6.0|01020|6.0|01020|6.8|bicycling, 10-11.9 mph, leisure, slow, light effort|bicycling
01030|8.0|01030|8.0|01030|8.0|bicycling, 12-13.9 mph, leisure, moderate effort|bicycling
01040|10.0|01040|10.0|01040|10.0|bicycling, 14-15.9 mph, racing or leisure, fast, vigorous effort|bicycling
01050|12.0|01050|12.0|01050|12.0|bicycling, 16-19 mph, racing/not drafting or > 19 mph drafting, very fast, racing general|bicycling
01060|16.0|01060|16.0|01060|15.8|bicycling, > 20 mph, racing, not drafting|bicycling
||||01065|8.5|bicycling, 12 mph, seated, hands on brake hoods or bar drops, 80 rpm|bicycling
||||01066|9.0|bicycling, 12 mph, standing, hands on brake hoods, 60 rpm|bicycling
01070|5.0|01070|5.0|01070|5.0|unicycling|bicycling
||||02001|2.3|activity promoting video game (e.g., Wii Fit), light effort (e.g., balance, yoga)|conditioning_exercise
||||02003|3.8|activity promoting video game (e.g., Wii Fit), moderate effort (e.g., aerobic, resistance)|conditioning_exercise
||||02005|7.2|activity promoting video/arcade game (e.g., Exergaming, Dance Dance Revolution), vigorous effort|conditioning_exercise
||||02008|5.0|army type obstacle course exercise, boot camp training program|conditioning_exercise
02010|7.0|02010|7.0|02010|7.0|bicycling, stationary, general|conditioning_exercise
02011|3.0|02011|3.0|02011|3.5|bicycling, stationary, 30-50 watts, very light to light effort|conditioning_exercise
02012|5.5|02012|5.5|02012|6.8|bicycling, stationary, 90-100 watts, moderate to vigorous effort|conditioning_exercise
02013|7.0|02013|7.0|02013|8.8|bicycling, stationary, 101-160 watts, vigorous effort|conditioning_exercise
02014|10.5|02014|10.5|02014|11.0|bicycling, stationary, 161-200 watts, vigorous effort|conditioning_exercise
02015|12.5|02015|12.5|02015|14.0|bicycling, stationary, 201-270 watts, very vigorous effort|conditioning_exercise
||||02017|4.8|bicycling, stationary, 51-89 watts, light-to-moderate effort|conditioning_exercise
||||02019|8.5|bicycling, stationary, RPM/Spin bike class|conditioning_exercise
02020|8.0|02020|8.0|02020|8.0|calisthenics (e.g., push ups, sit ups, pull-ups, jumping jacks), vigorous effort|conditioning_exercise
||||02022|3.8|calisthenics (e.g., push ups, sit ups, pull-ups, lunges), moderate effort|conditioning_exercise
||||02024|2.8|calisthenics (e.g., situps, abdominal crunches), light effort|conditioning_exercise
02030|3.5|02030|3.5|02030|3.5|calisthenics, light or moderate effort, general (example: back exercises), going up &amp; down from floor (Taylor Code 150)|conditioning_exercise
||||02035|4.3|circuit training, moderate effort|conditioning_exercise
02040|8.0|02040|8.0|02040|8.0|circuit training, including kettlebells, some aerobic movement with minimal rest, general, vigorous intensity|conditioning_exercise
||||02045|3.5|Curves  TM  exercise routines in women|conditioning_exercise
||||02048|5.0|Elliptical trainer, moderate effort|conditioning_exercise
02050|6.0|02050|6.0|02050|6.0|resistance training (weight lifting - free weight, nautilus or universal-type), power lifting or body building, vigorous effort (Taylor Code 210)|conditioning_exercise
||||02052|5.0|resistance (weight) training, squats , slow or explosive effort|conditioning_exercise
||||02054|3.5|resistance (weight) training, multiple exercises, 8-15 repetitions at varied resistance|conditioning_exercise
02060|5.5|02060|5.5|02060|5.5|health club exercise, general (Taylor Code 160)|conditioning_exercise
||||02061|5.0|health club exercise classes, general, gym/weight training combined in one visit|conditioning_exercise
||||02062|7.8|health club exercise, conditioning classes|conditioning_exercise
||||02064|3.8|home exercise, general|conditioning_exercise
02065|9.0|02065|9.0|02065|9.0|stair-treadmill ergometer, general|conditioning_exercise
||||02068|11.0|rope skipping, general|conditioning_exercise
02070|7.0|02070|7.0|02070|6.0|rowing, stationary ergometer, general, vigorous effort|conditioning_exercise
02071|3.5|02071|3.5|02071|4.8|rowing, stationary, general, moderate effort|conditioning_exercise
02072|7.0|02072|7.0|02072|7.0|rowing, stationary, 100 watts, moderate effort|conditioning_exercise
02073|8.5|02073|8.5|02073|8.5|rowing, stationary, 150 watts, vigorous effort|conditioning_exercise
02074|12.0|02074|12.0|02074|12.0|rowing, stationary, 200 watts, very vigorous effort|conditioning_exercise
02080|7.0|02080|7.0|02080|6.8|ski machine, general|conditioning_exercise
||||02085|11.0|slide board exercise, general|conditioning_exercise
02090|6.0|02090|6.0|02090|6.0|slimnastics, jazzercise|conditioning_exercise
02100|2.5|02100|2.5|||stretching, hatha yoga  (Now code = 02150  )|conditioning_exercise
.|.|02101|2.5|02101|2.3|stretching, mild|conditioning_exercise
||||02105|3.0|pilates, general|conditioning_exercise
02110|6.0|02110|6.0|02110|6.8|teaching exercise class (e.g., aerobic, water)|conditioning_exercise
||||02112|2.8|therapeutic exercise ball, Fitball exercise|conditioning_exercise
||||02115|2.8|upper body exercise, arm ergometer|conditioning_exercise
||||02117|4.3|upper body exercise, stationary bicycle - Airdyne (arms only) 40 rpm, moderate|conditioning_exercise
02120|4.0|02120|4.0|02120|5.3|water aerobics, water calisthenics, water exercise|conditioning_exercise
02130|3.0|02130|3.0|||weight lifting (free, nautilus or universal-type), light or moderate effort, light workout, general  (Now code = 02052  )|conditioning_exercise
02135|1.0|02135|1.0|02135|1.3|whirlpool, sitting|conditioning_exercise
||||02140|2.3|video exercise workouts, TV conditioning programs (e.g., yoga, stretching), light effort|conditioning_exercise
||||02143|4.0|video exercise workouts, TV conditioning programs (e.g., cardio-resistance), moderate effort|conditioning_exercise
||||02146|6.0|video exercise workouts, TV conditioning programs (e.g., cardio-resistance), vigorous effort|conditioning_exercise
||||02150|2.5|yoga, Hatha|conditioning_exercise
||||02160|4.0|yoga, Power|conditioning_exercise
||||02170|2.0|yoga, Nadisodhana|conditioning_exercise
||||02180|3.3|yoga, Surya Namaskar|conditioning_exercise
||||02200|5.3|native New Zealander physical activities (e.g., Haka Powhiri, Moteatea, Waita Tira, Whakawatea, etc.) , general, moderate effort|conditioning_exercise
||||02205|6.8|native New Zealander physical activities (e.g., Haka, Taiahab), general, vigorous effort|conditioning_exercise
03010|6.0|03010|4.8|03010|5.0|ballet, modern, or jazz, general, rehearsal or class|dancing
||||03012|6.8|ballet, modern, or jazz, performance, vigorous effort|dancing
||||03014|4.8|tap|dancing
03015|6.0|03015|6.5|03015|7.3|aerobic, general|dancing
.|.|03016|8.5|03016|7.5|aerobic, step, with 6 - 8 inch step|dancing
.|.|03017|10.0|03017|9.5|aerobic, step, with 10 - 12 inch step|dancing
||||03018|5.5|aerobic, step, with 4-inch step|dancing
||||03019|8.5|bench step class, general|dancing
03020|5.0|03020|5.0|03020|5.0|aerobic, low impact|dancing
03021|7.0|03021|7.0|03021|7.3|aerobic, high impact|dancing
||||03022|10.0|aerobic dance wearing 10-15 lb weights|dancing
03025|4.5|03025|4.5|03025|4.5|ethnic or cultural dancing (e.g., Greek, Middle Eastern, hula, salsa, merengue, bamba y plena, flamenco, belly, and swing)|dancing
03030|5.5|03030|5.5|03030|5.5|ballroom, fast (Taylor Code 125)|dancing
.|.|03031|4.5|03031|7.8|general dancing (e.g., disco, folk, Irish step dancing, line dancing, polka, contra, country)|dancing
||||03038|11.3|ballroom dancing, competitive, general|dancing
03040|3.0|03040|3.0|03040|3.0|ballroom, slow (e.g., waltz, foxtrot, slow dancing, samba, tango, 19  th  century dance, mambo, cha cha)|dancing
.|.|03050|5.5|03050|5.5|Anishinaabe Jingle Dancing|dancing
||||03060|3.5|Caribbean dance (Abakua, Beguine, Bellair, Bongo, Brukin's, Caribbean Quadrills, Dinki Mini, Gere, Gumbay, Ibo, Jonkonnu, Kumina, Oreisha, Jambu)|dancing
04001|4.0|04001|3.0|04001|3.5|fishing, general|fishing_hunting
||||04005|4.5|fishing, crab fishing|fishing_hunting
||||04007|4.0|fishing, catching fish with hands|fishing_hunting
04010|4.0|04010|4.0|04010|4.3|fishing related, digging worms, with shovel|fishing_hunting
04020|5.0|04020|4.0|04020|4.0|fishing from river bank and walking|fishing_hunting
04030|2.8|04030|2.5|04030|2.0|fishing from boat or canoe, sitting|fishing_hunting
04040|3.5|04040|3.5|04040|3.5|fishing from river bank, standing (Taylor Code 660)|fishing_hunting
04050|6.0|04050|6.0|04050|6.0|fishing in stream, in waders (Taylor Code 670)|fishing_hunting
04060|2.0|04060|2.0|04060|2.0|fishing, ice, sitting|fishing_hunting
||||04061|1.8|fishing, jog or line, standing, general|fishing_hunting
||||04062|3.5|fishing, dip net, setting net and retrieving fish, general|fishing_hunting
||||04063|3.8|fishing, set net, setting net and retrieving fish, general|fishing_hunting
||||04064|3.0|fishing, fishing wheel, setting net and retrieving fish, general|fishing_hunting
||||04065|2.3|fishing with a spear, standing|fishing_hunting
04070|2.5|04070|2.5|04070|2.5|hunting, bow and arrow, or crossbow|fishing_hunting
04080|6.0|04080|6.0|04080|6.0|hunting, deer, elk, large game (Taylor Code 170)|fishing_hunting
||||04081|11.3|hunting large game, dragging carcass|fishing_hunting
||||04083|4.0|hunting large marine animals|fishing_hunting
||||04085|2.5|hunting large game, from a hunting stand, limited walking|fishing_hunting
||||04086|2.0|hunting large game from a car, plane, or boat|fishing_hunting
04090|2.5|04090|2.5|04090|2.5|hunting, duck, wading|fishing_hunting
||||04095|3.0|hunting, flying fox, squirrel|fishing_hunting
04100|5.0|04100|5.0|04100|5.0|hunting, general|fishing_hunting
04110|6.0|04110|6.0|04110|6.0|hunting, pheasants or grouse (Taylor Code 680)|fishing_hunting
||||04115|3.3|hunting, birds|fishing_hunting
04120|5.0|04120|5.0|04120|5.0|hunting, rabbit, squirrel, prairie chick, raccoon, small game (Taylor Code 690)|fishing_hunting
||||04123|3.3|hunting, pigs, wild|fishing_hunting
||||04124|2.0|trapping game, general|fishing_hunting
||||04125|9.5|hunting, hiking with hunting gear|fishing_hunting
04130|2.5|04130|2.5|04130|2.5|pistol shooting or trap shooting, standing|fishing_hunting
||||04140|2.3|rifle exercises, shooting, lying down|fishing_hunting
||||04145|2.5|rifle exercises, shooting, kneeling or standing|fishing_hunting
05010|2.5|05010|3.3|05010|3.3|cleaning, sweeping carpet or floors, general|home_activity
||||05011|2.3|cleaning, sweeping, slow, light effort|home_activity
||||05012|3.8|cleaning, sweeping, slow, moderate  effort|home_activity
05020|4.5|05020|3.0|05020|3.5|cleaning, heavy or major (e.g. wash car, wash windows, clean garage), moderate effort|home_activity
||05021|3.5|05021|3.5|cleaning, mopping, standing, moderate effort|home_activity
||||05022|3.2|cleaning windows, washing windows, general|home_activity
||||05023|2.5|mopping, standing, light effort|home_activity
||||05024|4.5|polishing floors, standing, walking slowly, using electric polishing machine|home_activity
||05025|2.5|05025|2.8|multiple household tasks all at once, light effort|home_activity
||05026|3.5|05026|3.5|multiple household tasks all at once, moderate effort|home_activity
||05027|4.0|05027|4.3|multiple household tasks all at once, vigorous effort|home_activity
05030|3.5|05030|3.0|05030|3.3|cleaning, house or cabin, general, moderate effort|home_activity
||||05032|2.3|dusting or polishing furniture, general|home_activity
||||05035|3.3|kitchen activity, general, (e.g., cooking, washing dishes, cleaning up), moderate effort|home_activity
05040|2.5|05040|2.5|05040|2.5|cleaning, general (straightening up, changing linen, carrying out trash, light effort|home_activity
05041|2.3|05041|2.3|05041|1.8|wash dishes, standing or in general (not broken into stand/walk components)|home_activity
05042|2.3|05042|2.5|05042|2.5|wash dishes, clearing dishes from table, walking, light effort|home_activity
||05043|3.5|05043|3.3|vacuuming, general, moderate effort|home_activity
||||05044|3.0|butchering animals, small|home_activity
||05045|6.0|05045|6.0|butchering animal, large, vigorous effort|home_activity
||||05046|2.3|cutting and smoking fish, drying fish or meat|home_activity
||||05048|4.0|tanning hides, general|home_activity
||||05049|3.5|cooking or food preparation, moderate effort|home_activity
05050|2.5|05050|2.0|05050|2.0|cooking or food preparation - standing or sitting or in general (not broken into stand/walk components), manual appliances, light effort|home_activity
05051|2.5|05051|2.5|05051|2.5|serving food, setting table, implied walking or standing|home_activity
05052|2.5|05052|2.5|05052|2.5|cooking or food preparation, walking|home_activity
||05053|2.5|05053|2.5|feeding household animals|home_activity
05055|2.5|05055|2.5|05055|2.5|putting away groceries (e.g. carrying groceries, shopping without a grocery cart), carrying packages|home_activity
05056|8.0|05056|7.5|05056|7.5|carrying groceries upstairs|home_activity
||05057|3.0|05057|3.0|cooking Indian bread on an outside stove|home_activity
05060|3.5|05060|2.3|05060|2.3|food shopping with or without a grocery cart, standing or walking|home_activity
05065|2.0|05065|2.3|05065|2.3|non-food shopping, with or without a cart, standing or walking|home_activity
||05070|2.3|05070|1.8|ironing|home_activity
||05080|1.5|05080|1.3|knitting, sewing, light effort, wrapping presents, sitting|home_activity
||||05082|2.8|sewing with a machine|home_activity
||05090|2.0|05090|2.0|laundry, fold or hang clothes, put clothes in washer or dryer, packing suitcase, washing clothes by hand, implied standing, light effort|home_activity
||||05092|4.0|laundry, hanging wash, washing clothes by hand, moderate effort|home_activity
||05095|2.3|05095|2.3|laundry, putting away clothes, gathering clothes to pack, putting away laundry, implied walking|home_activity
||05100|2.0|05100|3.3|making bed, changing linens|home_activity
||05110|5.0|05110|5.0|maple syruping/sugar bushing (including carrying buckets, carrying wood)|home_activity
||05120|6.0|05120|5.8|moving furniture, household items, carrying boxes|home_activity
||||05121|5.0|moving, lifting light loads|home_activity
||||05125|4.8|organizing room|home_activity
05130|5.5|05130|3.8|05130|3.5|scrubbing floors, on hands and knees, scrubbing bathroom, bathtub, moderate effort|home_activity
||||05131|2.0|scrubbing floors, on hands and knees, scrubbing bathroom, bathtub, light effort|home_activity
||||05132|6.5|scrubbing floors, on hands and knees, scrubbing bathroom, bathtub, vigorous effort|home_activity
05140|4.0|05140|4.0|05140|4.0|sweeping garage, sidewalk or outside of house|home_activity
05146|3.5|05146|3.5|05146|3.5|standing, packing/unpacking boxes, occasional lifting of lightweight household items, loading or unloading items in car, moderate effort|home_activity
05147|3.0|05147|3.0|05147|3.0|implied walking, putting away household items, moderate effort|home_activity
||05148|2.5|05148|2.5|watering plants|home_activity
||05149|2.5|05149|2.5|building a fire inside|home_activity
05150|9.0|05150|9.0|05150|9.0|moving household items upstairs, carrying boxes or furniture|home_activity
05160|2.5|05160|2.0|05160|2.0|standing, light effort tasks (pump gas, change light bulb, etc.)|home_activity
05165|3.0|05165|3.0|05165|3.5|walking,  moderate e  ffort tasks, non-cleaning (readying to leave, shut/lock doors, close windows, etc.)|home_activity
05170|2.5|05170|2.5|05170|2.2|sitting, playing with child(ren), light effort, only active periods|home_activity
05171|2.8|05171|2.8|05171|2.8|standing, playing with child(ren) light effort, only active periods|home_activity
05175|4.0|05175|4.0|05175|3.5|walking/running, playing with child(ren), moderate effort, only active periods|home_activity
05180|5.0|05180|5.0|05180|5.8|walking/running, playing with child(ren), vigorous effort, only active periods|home_activity
||05181|3.0|05181|3.0|walking and carrying small child, child weighing 15 lbs or more|home_activity
||||05182|2.3|walking and  carrying small child, child weighing less than 15 lbs|home_activity
||||05183|2.0|standing, holding child|home_activity
||||05184|2.5|child care, infant, general|home_activity
05185|3.0|05185|2.5|05185|2.0|child care, sitting/kneeling (e.g., dressing, bathing, grooming, feeding, occasional lifting of child), light effort, general|home_activity
05186|3.5|05186|3.0|05186|3.0|child care, standing (e.g., dressing, bathing, grooming, feeding, occasional lifting of child), moderate effort|home_activity
||05187|4.0|||elder care, disabled adult, only active periods  (  Now code = 05200  )|home_activity
||05188|1.5|05188|1.5|reclining with baby|home_activity
||||05189|2.0|breastfeeding, sitting or reclining|home_activity
||05190|2.5|05190|2.5|sit, playing with animals, light effort, only active periods|home_activity
||05191|2.8|05191|2.8|stand, playing with animals, light effort, only active periods|home_activity
||05192|2.8|05192|3.0|walk/run, playing with animals, general, light effort, only active periods|home_activity
||05193|4.0|05193|4.0|walk/run, playing with animals, moderate effort, only active periods|home_activity
||05194|5.0|05194|5.0|walk/run, playing with animals, vigorous effort, only active periods|home_activity
||05195|3.5|05195|3.5|standing, bathing dog|home_activity
||||05197|2.3|animal care, household animals, general|home_activity
||||05200|4.0|elder care, disabled adult, bathing, dressing, moving into and out of bed, only active periods  (  formerly code = 05187  )|home_activity
||||05205|2.3|elder care, disabled adult, feeding, combing hair, light effort, only active periods|home_activity
06010|3.0|06010|3.0|06010|3.0|airplane repair|home_repair
06020|4.5|06020|4.0|06020|4.0|automobile body work|home_repair
06030|3.0|06030|3.0|06030|3.3|automobile repair, light or moderate effort|home_repair
06040|3.0|06040|3.0|06040|3.0|carpentry, general, workshop (Taylor Code 620)|home_repair
06050|6.0|06050|6.0|06050|6.0|carpentry, outside house, installing rain gutters (Taylor Code 640),carpentry, outside house, building a fence|home_repair
||||06052|3.8|carpentry, outside house, building a fence|home_repair
06060|4.5|06060|4.5|06060|3.3|carpentry, finishing or refinishing cabinets or furniture|home_repair
06070|7.5|06070|7.5|06070|6.0|carpentry, sawing hardwood|home_repair
||||06072|4.0|carpentry, home remodeling tasks, moderate effort|home_repair
||||06074|2.3|carpentry, home remodeling tasks, light effort|home_repair
06080|5.0|06080|5.0|06080|5.0|caulking, chinking log cabin|home_repair
06090|4.5|06090|4.5|06090|4.5|caulking, except log cabin|home_repair
06100|5.0|06100|5.0|06100|5.0|cleaning gutters|home_repair
06110|5.0|06110|5.0|06110|5.0|excavating garage|home_repair
06120|5.0|06120|5.0|06120|5.0|hanging storm windows|home_repair
||||06122|5.0|hanging sheet rock inside house|home_repair
||||06124|3.0|hammering nails|home_repair
||||06126|2.5|home repair, general, light effort|home_repair
||||06127|4.5|home repair, general, moderate effort|home_repair
||||06128|6.0|home repair, general, vigorous effort|home_repair
06130|4.5|06130|4.5|06130|4.5|laying or removing carpet|home_repair
06140|4.5|06140|4.5|06140|3.8|laying tile or linoleum,repairing appliances|home_repair
||||06144|3.0|repairing appliances|home_repair
06150|5.0|06150|5.0|06150|5.0|painting, outside home (Taylor Code 650)|home_repair
06160|4.5|06160|3.0|06160|3.3|painting inside house,wallpapering, scraping paint|home_repair
.|.|06165|4.5|06165|4.5|painting, (Taylor Code 630)|home_repair
||||06167|3.0|plumbing, general|home_repair
06170|3.0|06170|3.0|06170|3.0|put on and removal of tarp - sailboat|home_repair
06180|6.0|06180|6.0|06180|6.0|roofing|home_repair
06190|4.5|06190|4.5|06190|4.5|sanding floors with a power sander|home_repair
06200|4.5|06200|4.5|06200|4.5|scraping and painting sailboat or powerboat|home_repair
||||06205|2.0|sharpening tools|home_repair
06210|5.0|06210|5.0|06210|5.0|spreading dirt with a shovel|home_repair
06220|4.5|06220|4.5|06220|4.5|washing and waxing hull of sailboat or airplane|home_repair
||||06225|2.0|washing and waxing car|home_repair
06230|4.5|06230|4.5|06230|4.5|washing fence, painting fence, moderate effort|home_repair
06240|3.0|06240|3.0|06240|3.3|wiring, tapping-splicing|home_repair
07010|0.9|07010|1.0|07010|1.0|lying quietly and watching television|inactivity
.|.|07011|1.0|07011|1.3|lying quietly, doing nothing, lying in bed awake, listening to music (not talking or reading)|inactivity
07020|1.0|07020|1.0|07020|1.3|sitting quietly and watching television|inactivity
||||07021|1.3|sitting quietly, general|inactivity
||||07022|1.5|sitting quietly, fidgeting, general, fidgeting hands|inactivity
||||07023|1.8|sitting, fidgeting feet|inactivity
||||07024|1.3|sitting, smoking|inactivity
||||07025|1.5|sitting, listening to music (not talking or reading) or watching a movie in a theater|inactivity
||||07026|1.3|sitting at a desk, resting head in hands|inactivity
07030|0.9|07030|0.9|07030|0.95|sleeping|inactivity
07040|1.2|07040|1.2|07040|1.3|standing quietly, standing in a line|inactivity
||||07041|1.8|standing, fidgeting|inactivity
07050|1.0|07050|1.0|07050|1.3|reclining, writing|inactivity
07060|1.0|07060|1.0|07060|1.3|reclining, talking or talking on phone|inactivity
07070|1.0|07070|1.0|07070|1.3|reclining, reading|inactivity
.|.|07075|1.0|07075|1.0|meditating|inactivity
||||08009|3.3|carrying, loading or stacking wood, loading/unloading or carrying lumber, light-to-moderate effort|lawn_garden
08010|5.0|08010|5.0|08010|5.5|carrying, loading or stacking wood, loading/unloading or carrying lumber|lawn_garden
||||08019|4.5|chopping wood, splitting logs, moderate effort|lawn_garden
08020|6.0|08020|6.0|08020|6.3|chopping wood, splitting logs, vigorous effort|lawn_garden
||||08025|3.5|clearing light brush, thinning garden, moderate effort|lawn_garden
08030|5.0|08030|5.0|08030|6.3|clearing brush/land, undergrowth, or ground, hauling branches, wheelbarrow chores, vigorous effort|lawn_garden
08040|5.0|08040|5.0|08040|5.0|digging sandbox, shoveling sand|lawn_garden
||||08045|3.5|digging, spading, filling garden, composting, light-to-moderate effort|lawn_garden
08050|5.0|08050|5.0|08050|5.0|digging, spading, filling garden, compositing, (Taylor Code 590)|lawn_garden
||||08052|7.8|digging, spading, filling garden, composting, vigorous effort|lawn_garden
||||08055|2.8|driving tractor|lawn_garden
||||08057|8.3|felling trees, large size|lawn_garden
||||08058|5.3|felling trees, small-medium size|lawn_garden
08060|6.0|08060|6.0|08060|5.8|gardening with heavy power tools, tilling a garden, chain saw|lawn_garden
||||08065|2.3|gardening, using containers, older adults > 60 years|lawn_garden
||||08070|4.0|irrigation channels, opening and closing ports|lawn_garden
08080|5.0|08080|5.0|08080|6.3|laying crushed rock|lawn_garden
08090|5.0|08090|5.0|08090|5.0|laying sod|lawn_garden
08095|5.5|08095|5.5|08095|5.5|mowing lawn, general|lawn_garden
08100|2.5|08100|2.5|08100|2.5|mowing lawn, riding mower (Taylor Code 550)|lawn_garden
08110|6.0|08110|6.0|08110|6.0|mowing lawn, walk, hand mower (Taylor Code 570)|lawn_garden
08120|4.5|08120|5.5|08120|5.0|mowing lawn, walk, power mower, moderate or vigorous effort|lawn_garden
.|.|08125|4.5|08125|4.5|mowing lawn, power mower, light or moderate effort (Taylor Code 590)|lawn_garden
08130|4.5|08130|4.5|08130|2.5|operating snow blower, walking|lawn_garden
||||08135|2.0|planting, potting, transplanting seedlings or plants, light effort|lawn_garden
08140|4.0|08140|4.5|08140|4.3|planting seedlings, shrub, stooping, moderate effort|lawn_garden
||||08145|4.3|planting crops or garden, stooping, moderate effort|lawn_garden
08150|4.5|08150|4.5|08150|4.5|planting trees|lawn_garden
08160|4.0|08160|4.3|08160|3.8|raking lawn or leaves, moderate effort|lawn_garden
.|.|08165|4.0|08165|4.0|raking lawn (Taylor Code 600)|lawn_garden
08170|4.0|08170|4.0|08170|4.0|raking roof with snow rake|lawn_garden
08180|3.0|08180|3.0|08180|3.0|riding snow blower|lawn_garden
08190|4.0|08190|4.0|08190|4.0|sacking grass, leaves|lawn_garden
||||08192|5.5|shoveling dirt or mud|lawn_garden
||||08195|5.3|shoveling snow, by hand, moderate effort|lawn_garden
08200|6.0|08200|6.0|08200|6.0|shovelling snow, by hand (Taylor Code 610)|lawn_garden
||||08202|7.5|shoveling snow, by hand, vigorous effort|lawn_garden
08210|4.5|08210|4.5|08210|4.0|trimming shrubs or trees, manual cutter|lawn_garden
08215|3.5|08215|3.5|08215|3.5|trimming shrubs or trees, power cutter, using leaf blower, edge, moderate effort|lawn_garden
08220|2.5|08220|2.5|08220|3.0|walking, applying fertilizer or seeding a lawn, push applicator|lawn_garden
08230|1.5|08230|1.5|08230|1.5|watering lawn or garden, standing or walking|lawn_garden
||||08239|3.5|weeding, cultivating garden, light-to-moderate effort|lawn_garden
08240|4.5|08240|4.5|08240|4.5|weeding, cultivating garden (Taylor Code 580)|lawn_garden
||||08241|5.0|weeding, cultivating garden, using a hoe, moderate-to-vigorous effort|lawn_garden
08245|5.0|08245|4.5|08245|3.8|gardening, general, moderate effort|lawn_garden
.|.|08246|3.0|08246|3.5|picking fruit off trees, picking fruits/vegetables, moderate effort|lawn_garden
||||08248|4.5|picking fruit off trees, gleaning fruits, picking fruits/vegetables, climbing ladder to pick fruit, vigorous effort|lawn_garden
08250|3.0|08250|3.0|08250|3.3|implied walking/standing - picking up yard, light, picking flowers or vegetables|lawn_garden
.|.|08251|3.0|08251|3.0|walking, gathering gardening tools|lawn_garden
||||08255|5.5|wheelbarrow, pushing garden cart or wheelbarrow|lawn_garden
||||08260|3.0|yard work, general, light effort|lawn_garden
||||08261|4.0|yard work, general, moderate effort|lawn_garden
||||08262|6.0|yard work, general, vigorous effort|lawn_garden
||||09000|1.5|board game playing, sitting|miscellaneous
||||09005|2.5|casino gambling, standing|miscellaneous
09010|1.5|09010|1.5|09010|1.5|card playing,  sitting|miscellaneous
||||09013|1.5|chess game, sitting|miscellaneous
||||09015|1.5|copying documents, standing|miscellaneous
09020|2.0|09020|2.3|09020|1.8|drawing, writing, painting, standing|miscellaneous
||||09025|1.0|laughing, sitting|miscellaneous
09030|1.3|09030|1.3|09030|1.3|sitting, reading, book, newspaper, etc.|miscellaneous
09040|1.8|09040|1.8|09040|1.3|sitting, writing, desk work, typing|miscellaneous
||||09045|1.0|sitting, playing traditional video game, computer game|miscellaneous
09050|1.8|09050|1.8|09050|1.8|standing, talking in person, on the phone, computer, or text messaging, light effort|miscellaneous
09055|1.5|09055|1.5|09055|1.5|sitting, talking in person, on the phone, computer, or text messaging, light effort|miscellaneous
09060|1.8|09060|1.8|09060|1.3|sitting, studying, general, including reading and/or writing, light effort|miscellaneous
09060|1.8|09060|1.8|09065|1.8|sitting, in class, general, including note-taking or class discussion|miscellaneous
09070|1.8|09070|1.8|09070|1.8|standing, reading|miscellaneous
.|.|09071|2.0|09071|2.5|standing, miscellaneous|miscellaneous
.|.|09075|1.5|09075|1.8|sitting, arts and crafts, carving wood, weaving, spinning wool, light effort|miscellaneous
.|.|09080|2.0|09080|3.0|sitting, arts and crafts, carving wood, weaving, spinning wool, moderate effort|miscellaneous
.|.|09085|1.8|09085|2.5|standing, arts and crafts, sand painting, carving, weaving, light effort|miscellaneous
.|.|09090|3.0|09090|3.3|standing, arts and crafts, sand painting, carving, weaving, moderate effort|miscellaneous
.|.|09095|3.5|09095|3.5|standing, arts and crafts, sand painting, carving, weaving, vigorous effort|miscellaneous
.|.|09100|1.5|09100|1.8|retreat/family reunion activities involving sitting, relaxing, talking, eating|miscellaneous
||||09101|3.0|retreat/family reunion activities involving playing games with children|miscellaneous
.|.|09105|2.0|09105|2.0|touring/traveling/vacation involving riding in a vehicle|miscellaneous
||||09106|3.5|touring/traveling/vacation involving walking|miscellaneous
.|.|09110|2.5|09110|2.5|camping involving standing, walking, sitting, light-to-moderate effort|miscellaneous
.|.|09115|1.5|09115|1.5|sitting at a sporting event, spectator|miscellaneous
10010|1.8|10010|1.8|10010|1.8|accordion, sitting|music_playing
10020|2.0|10020|2.0|10020|2.3|cello, sitting|music_playing
10030|2.5|10030|2.5|10030|2.3|conducting orchestra, standing|music_playing
||||10035|2.5|double bass, standing|music_playing
10040|4.0|10040|4.0|10040|3.8|drums, sitting|music_playing
||||10045|3.0|drumming (e.g., bongo, conga, benbe), moderate, sitting|music_playing
10050|2.0|10050|2.0|10050|2.0|flute, sitting|music_playing
10060|2.0|10060|2.0|10060|1.8|horn, standing|music_playing
10070|2.5|10070|2.5|10070|2.3|piano, sitting|music_playing
||||10074|2.0|playing musical instruments, general|music_playing
||||10077|2.0|organ, sitting|music_playing
10080|3.5|10080|3.5|10080|3.5|trombone, standing|music_playing
10090|2.5|10090|2.5|10090|1.8|trumpet, standing|music_playing
10100|2.5|10100|2.5|10100|2.5|violin, sitting|music_playing
10110|2.0|10110|2.0|10110|1.8|woodwind, sitting|music_playing
10120|2.0|10120|2.0|10120|2.0|guitar, classical, folk, sitting|music_playing
10125|3.0|10125|3.0|10125|3.0|guitar, rock and roll band, standing|music_playing
10130|4.0|10130|4.0|10130|4.0|marching band, baton twirling, walking, moderate pace, general|music_playing
||||10131|5.5|marching band, playing an instrument, walking, brisk pace, general|music_playing
10135|3.5|10135|3.5|10135|3.5|marching band, drum major, walking|music_playing
||||11003|2.3|active workstation, treadmill desk, walking|occupation
||||11006|3.0|airline flight attendant|occupation
11010|4.0|11010|4.0|11010|4.0|bakery, general, moderate effort|occupation
.|.|11015|2.5|11015|2.0|bakery, light effort|occupation
11020|2.3|11020|2.3|11020|2.3|bookbinding|occupation
11030|6.0|11030|6.0|11030|6.0|building road, driving heavy machinery|occupation
11035|2.0|11035|2.0|11035|2.0|building road, directing traffic, standing|occupation
||||11038|2.5|carpentry, general, light effort|occupation
11040|3.5|11040|3.5|11040|4.3|carpentry, general, moderate effort|occupation
||||11042|7.0|carpentry, general, heavy or vigorous effort|occupation
11050|8.0|11050|8.0|11050|8.0|carrying heavy loads (e.g., bricks, tools)|occupation
11060|8.0|11060|8.0|11060|8.0|carrying moderate loads up stairs, moving boxes 25-49 lbs|occupation
11070|2.5|11070|2.5|11070|4.0|chambermaid, hotel housekeeper, making bed, cleaning bathroom, pushing cart|occupation
11080|6.5|11080|6.5|11080|5.3|coal mining, drilling coal, rock|occupation
11090|6.5|11090|6.5|11090|5.0|coal mining, erecting supports|occupation
11100|6.0|11100|6.0|11100|5.5|coal mining, general|occupation
11110|7.0|11110|7.0|11110|6.3|coal mining, shoveling coal|occupation
||||11115|2.5|cook, chef|occupation
11120|5.5|11120|5.5|11120|4.0|construction, outside, remodeling, new structures (e.g., roof repair, miscellaneous|occupation
.|.|11121|3.0|||custodial work, light effort (e.g., cleaning sink and toilet, dusting, vacuuming, light cleaning)|occupation
.|.|11122|2.5|||custodial work - cleaning sink and toilet, light effort  (  Included in code 11125  )|occupation
.|.|11123|2.5|||custodial work - dusting, light effort  (  Included in code 11125  )|occupation
.|.|11124|4.0|||custodial work â feathering arena floor, moderate effort  (  Included in code 11126  )|occupation
.|.|11125|3.5|11125|2.3|custodial work, light effort (e.g., cleaning sink and toilet, dusting, vacuuming, light cleaning)|occupation
.|.|11126|3.5|11126|3.8|custodial work, moderate effort (e.g., electric buffer, feathering arena floors, mopping, taking out trash, vacuuming)|occupation
.|.|11127|3.0|||custodial work - take out trash, moderate effort  (  Included in code 11126)|occupation
.|.|11128|2.5|||custodial work - vacuuming, light effort  (  Included in code 11125  )|occupation
.|.|11129|3.0|||custodial work - vacuuming, moderate effort  (  Included in code 11126  )|occupation
11130|3.5|11130|3.5|11130|3.3|electrical work (e.g., hook up wire, tapping-splicing)|occupation
||||11135|1.8|engineer (e.g., mechanical or electrical)|occupation
11140|8.0|11140|8.0|||farming, baling hay, cleaning barn, poultry work, vigorous effort  (  Included in code 11145  )|occupation
||||11145|7.8|farming, vigorous effort (e.g., baling hay, cleaning barn)|occupation
||||11146|4.8|farming, moderate effort (e.g., feeding animals, chasing cattle by walking and/or horseback, spreading manure, harvesting crops)|occupation
||||11147|2.0|farming, light effort (e.g., cleaning animal sheds, preparing animal feed)|occupation
11150|3.5|11150|3.5|||farming, chasing cattle, non-strenuous(walking), moderate effort  (  Included in code 11146  )|occupation
.|.|11151|4.0|||farming, chasing cattle or other livestock on horseback, moderate effort  (  Included in code 11146  )|occupation
.|.|11152|2.0|||farming, chasing cattle or other livestock, driving, light effort  (  Included in code 11147  )|occupation
11160|2.5|11160|2.5|||farming, driving harvester, cutting hay, irrigation work|occupation
11170|2.5|11170|2.5|11170|2.8|farming, driving tasks (e.g., driving tractor or harvester)|occupation
11180|4.0|11180|4.0|11180|3.5|farming, feeding small animals|occupation
11190|4.5|11190|4.5|11190|4.3|farming, feeding cattle, horses|occupation
.|.|11191|4.5|11191|4.3|farming, hauling water for animals, general hauling water|occupation
.|.|11191|6.0|11192|4.5|f  arming, taking care of animals (e.g., grooming, brushing, shearing sheep, assisting with birthing, medical care, branding), general|occupation
||||11195|3.8|farming, rice, planting, grain milling activities|occupation
11200|8.0|11200|8.0|||farming, forking straw bales, vigorous effort  (  Included in code 11145  )|occupation
11210|3.0|11210|3.0|11210|3.5|farming, milking by hand, cleaning pails, moderate effort|occupation
11220|1.5|11220|1.5|11220|1.3|farming, milking by machine, light effort|occupation
11230|5.5|11230|5.5|||farming, shoveling grain, moderate effort  (  Included in code 11146  )|occupation
11240|12.0|11240|12.0|11240|8.0|fire fighter, general|occupation
||||11244|6.8|fire fighter, rescue victim, automobile accident, using pike pole|occupation
11245|11.0|11245|11.0|11245|8.0|fire fighter, raising and climbing ladder with full gear, simulated fire suppression|occupation
11246|8.0|11246|8.0|11246|9.0|fire fighter, hauling hoses on ground, carrying/hoisting equipment, breaking down walls, wearing full gear|occupation
||||11247|3.5|fishing, commercial, light effort|occupation
||||11248|5.0|fishing, commercial, moderate effort|occupation
||||11249|7.0|fishing, commercial, vigorous effort|occupation
11250|17.0|11250|17.0|11250|17.5|forestry, ax chopping, very fast, 1.25 kg axe, 51 blows/min, extremely vigorous effort|occupation
11260|5.0|11260|5.0|11260|5.0|forestry, ax chopping, slow,  1.25 kg axe, 19 blows/min, moderate effort|occupation
||||11262|8.0|forestry, ax chopping, fast, 1.25 kg axe, 35 blows/min, vigorous effort|occupation
||||11264|4.5|forestry, moderate effort (e.g., sawing wood with power saw, weeding, hoeing)|occupation
||||11266|8.0|forestry, vigorous effort (e.g., barking, felling, or trimming trees, carrying or stacking logs, felling trees, planting seeds, sawing lumber by hand )|occupation
11270|7.0|11270|7.0|||forestry, barking trees  (  Included in code 11266  )|occupation
11280|11.0|11280|11.0|||forestry, carrying logs  (  Included in code 11266  )|occupation
11290|8.0|11290|8.0|||forestry, felling trees  (  Included in code 11266  )|occupation
11300|8.0|11300|8.0|||forestry,general  (  Included in code 11266  )|occupation
11310|5.0|11310|5.0|||forestry,hoeing  (  Included in code 11264  )|occupation
11320|6.0|11320|6.0|||forestry, planting by hand  (  Included in code 11266  )|occupation
11330|7.0|11330|7.0|||forestry, sawing by hand  (  Included in code 11266  )|occupation
11340|4.5|11340|4.5|||forestry, sawing, power  (  Included in code 11264  )|occupation
11350|9.0|11350|9.0|||forestry, trimming trees  (  Included in code 11266  )|occupation
11360|4.0|11360|4.0|||forestry, weeding  (  Included in code 11264  )|occupation
11370|4.5|11370|4.5|11370|4.5|furriery|occupation
||||11375|4.0|garbage collector, walking, dumping bins into truck|occupation
||||11378|1.8|hairstylist (e.g., plaiting hair, manicure, make-up artist)|occupation
11380|6.0|11380|6.0|11380|7.3|horse grooming, including  feeding, cleaning stalls, bathing, brushing, clipping  ,  longeing and exercising horses.|occupation
||||11381|4.3|horse, feeding, watering, cleaning stalls, implied walking and lifting loads|occupation
11390|8.0|11390|8.0|11390|7.3|horse racing, galloping|occupation
11400|6.5|11400|6.5|11400|5.8|horse racing, trotting|occupation
11410|2.6|11410|2.6|11410|3.8|horse racing, walking|occupation
||||11413|3.0|kitchen maid|occupation
||||11415|4.0|lawn keeper, yard work, general|occupation
||||11418|3.3|laundry worker|occupation
11420|3.5|11420|3.5|11420|3.0|locksmith|occupation
11430|2.5|11430|2.5|11430|3.0|machine tooling (e.g., machining, working sheet metal, machine fitter, operating lathe, welding) light-to-moderate effort|occupation
11440|3.0|11440|3.0|||machine tooling, operating lathe  (  Included in code 11430  )|occupation
11450|5.0|11450|5.0|11450|5.0|machine tooling, operating punch press, moderate effort|occupation
11460|4.0|11460|4.0|||machine tooling, tapping and drilling  (  Included in code 11430  )|occupation
11470|3.0|11470|3.0|||machine tooling, welding  (  Included in code 11430  )|occupation
||||11472|1.8|manager, property|occupation
||||11475|2.8|manual or unskilled labor, general, light effort|occupation
||||11476|4.5|manual or unskilled labor, general, moderate effort|occupation
||||11477|6.5|manual or unskilled labor, general, vigorous effort|occupation
11480|7.0|11480|7.0|11480|4.3|masonry, concrete, moderate effort|occupation
||||11482|2.5|masonry, concrete, light effort|occupation
11485|4.0|11485|4.0|11485|4.0|massage therapist, standing|occupation
11490|7.0|11490|7.5|11490|7.5|moving, carrying or pushing heavy objects, 75 lbs or more, only active time (e.g., desks, moving van work)|occupation
.|.|11495|12.0|11495|12.0|skindiving or SCUBA diving as a frogman, Navy Seal|occupation
11500|2.5|11500|2.5|11500|2.5|operating heavy duty equipment, automated, not driving|occupation
11510|4.5|11510|4.5|11510|4.5|orange grove work, picking fruit|occupation
||||11514|3.3|painting,house, furniture, moderate effort|occupation
||||11516|3.0|plumbing activities|occupation
11520|2.3|11520|2.3|11520|2.0|printing, paper industry worker, standing|occupation
11525|2.5|11525|2.5|11525|2.5|police, directing traffic, standing|occupation
11526|2.0|11526|2.0|11526|2.5|police, driving a squad car, sitting|occupation
11527|1.3|11527|1.3|11527|1.3|police, riding in a squad car, sitting|occupation
11528|8.0|11528|4.0|11528|4.0|police, making an arrest, standing|occupation
||||11529|2.3|postal carrier, walking to deliver mail|occupation
11530|2.5|11530|2.5|11530|2.0|shoe repair, general|occupation
11540|8.5|11540|8.5|11540|7.8|shoveling, digging ditches|occupation
11550|9.0|11550|9.0|11550|8.8|shoveling, more than 16 pounds/minute, deep digging, vigorous effort|occupation
11560|6.0|11560|6.0|11560|5.0|shoveling, less than 10 pounds/minute, moderate effort|occupation
11570|7.0|11570|7.0|11570|6.5|shoveling, 10 to 15 pounds/minute, vigorous effort|occupation
11580|1.5|11580|1.5|11580|1.5|sitting tasks  , light effort (e.g., office work, chemistry lab work, computer work, light assembly repair, watch repair, reading, desk work)|occupation
11585|1.5|11585|1.5|11585|1.5|sitting meetings, light effort, general, and/or with talking involved (e.g., eating at a business meeting)|occupation
11590|2.5|11590|2.5|11590|2.5|sitting tasks, moderate effort (e.g., pushing heavy levers, riding mower/forklift, crane operation)|occupation
||||11593|2.8|sitting, teaching stretching or yoga, or light effort exercise class|occupation
11600|2.5|11600|2.3|11600|3.0|standing tasks, light effort (e.g., bartending, store clerk, assembling, filing, duplicating, librarian, putting up a Christmas tree, standing and talking at work, changing clothes when teaching physical education,standing)|occupation
11610|3.0|11610|3.0|11610|3.0|standing, light/moderate effort (e.g., assemble/repair heavy parts, welding,stocking parts,auto repair,standing, packing boxes, nursing patient care)|occupation
.|.|11615|4.0|11615|4.5|standing, moderate effort, lifting items continuously, 10 â 20 lbs, with limited walking or resting|occupation
11620|3.5|11620|3.5|11620|3.5|standing, moderate effort, intermittent lifting 50 lbs, hitch/twisting ropes|occupation
11630|4.0|11630|4.0|11630|4.5|standing, moderate/heavy tasks (e.g., lifting more than 50 lbs, masonry, painting, paper hanging)|occupation
11640|5.0|11640|5.0|||steel mill, fettling  (  Included in code 11708  )|occupation
11650|5.5|11650|5.5|||steel mill, forging  (  Included in code 11708  )|occupation
11660|8.0|11660|8.0|||steel mill, hand rolling  (  Included in code 11710  )|occupation
11670|8.0|11670|8.0|||steel mill, merchant mill rolling  (  Included in code 11710  )|occupation
11680|11.0|11680|11.0|||steel mill, removing slag  (  Included in code 11710  )|occupation
11690|7.5|11690|7.5|||steel mill, tending furnace  (  Included in code 11710  )|occupation
11700|5.5|11700|5.5|||steel mill, tipping molds  (  Included in code 11708  )|occupation
||||11708|5.3|steel mill, moderate effort (e.g., fettling, forging, tipping molds)|occupation
11710|8.0|11710|8.0|11710|8.3|steel mill, vigorous effort (e.g., hand rolling, merchant mill rolling, removing slag, tending furnace)|occupation
11720|2.5|11720|2.5|11720|2.3|tailoring, cutting fabric|occupation
11730|2.5|11730|2.5|11730|2.5|tailoring, general|occupation
11740|2.0|11740|2.0|11740|1.8|tailoring, hand sewing|occupation
11750|2.5|11750|2.5|11750|2.5|tailoring, machine sewing|occupation
11760|4.0|11760|4.0|11760|3.5|tailoring, pressing|occupation
||||11763|2.0|tailoring, weaving, light effort (e.g., finishing operations, washing, dyeing, inspecting cloth, counting yards, paperwork)|occupation
.|.|11765|3.5|11765|4.0|tailoring, weaving, moderate effort (e.g., spinning and weaving operations, delivering boxes of yam to spinners, loading of warp bean, pinwinding, conewinding, warping, cloth cutting)|occupation
11766|6.5|11766|6.5|11766|6.5|truck driving, loading and unloading truck, tying down load, standing, walking and carrying heavy loads|occupation
11770|1.5|11770|1.5|11770|1.3|typing, electric, manual or computer|occupation
11780|6.0|11780|6.0|11780|6.3|using heavy power tools such as pneumatic tools (e.g., jackhammers, drills)|occupation
11790|8.0|11790|8.0|11790|8.0|using heavy tools (not power) such as shovel, pick, tunnel bar, spade|occupation
11791|2.0|11791|2.0|11791|2.0|walking on job, less than 2.0 mph, very slow speed, in office or lab area|occupation
11792|3.5|11792|3.3|11792|3.5|walking on job, 3.0 mph, in office, moderate speed, not carrying anything|occupation
11793|4.0|11793|3.8|11793|4.3|walking on job, 3.5 mph, in office, brisk speed, not carrying anything|occupation
11795|3.0|11795|3.0|11795|3.5|walking on job, 2.5 mph, slow speed and carrying light objects less than 25 pounds|occupation
.|.|11796|3.0|11796|3.0|walking, gathering things at work, ready to leave|occupation
||||11797|3.8|walking, 2.5 mph, slow speed, carrying heavy objects more than 25 lbs|occupation
11800|4.0|11800|4.0|11800|4.5|walking, 3.0 mph, moderately and carrying light objects less than 25 lbs|occupation
.|.|11805|4.0|11805|3.5|walking, pushing a wheelchair|occupation
11810|4.5|11810|4.5|11810|4.8|walking, 3.5 mph, briskly and carrying objects less than 25 pounds|occupation
11820|5.0|11820|5.0|11820|5.0|walking or walk downstairs or standing, carrying objects about 25 to 49 pounds|occupation
11830|6.5|11830|6.5|11830|6.5|walking or walk downstairs or standing, carrying objects about 50 to 74 pounds|occupation
11840|7.5|11840|7.5|11840|7.5|walking or walk downstairs or standing, carrying objects about 75 to 99 pounds|occupation
11850|8.5|11850|8.5|11850|8.5|walking or walk downstairs or standing, carrying objects about 100 pounds or over|occupation
11870|3.0|11870|3.0|11870|3.0|working in scene shop, theater actor, backstage employee|occupation
.|.|11875|4.0|||teach physical education, exercise, sports classes (non-sport play)  (Retired code)|occupation
.|.|11875|6.5|||teach physical education, exercise, sports classes (participate in the class)  (Retired code)|occupation
12010|6.0|12010|6.0|12010|6.0|jog/walk combination (jogging component of less than 10 minutes) (Taylor Code 180)|running
12020|7.0|12020|7.0|12020|7.0|jogging, general|running
||12025|8.0|12025|8.0|jogging, in place|running
||12027|4.5|12027|4.5|jogging, on a mini-tramp|running
||||12029|6.0|running, 4 mph (15 min/mile)|running
12030|8.0|12030|8.0|12030|8.3|running, 5 mph (12 min/mile)|running
12040|9.0|12040|9.0|12040|9.0|running, 5.2 mph (11.5 min/mile)|running
12050|10.0|12050|10.0|12050|9.8|running, 6 mph (10 min/mile)|running
12060|11.0|12060|11.0|12060|10.5|running, 6.7 mph (9 min/mile)|running
12070|11.5|12070|11.5|12070|11.0|running, 7 mph (8.5 min/mile)|running
12080|12.5|12080|12.5|12080|11.8|running, 7.5 mph (8 min/mile)|running
12090|13.5|12090|13.5|12090|11.8|running, 8 mph (7.5 min/mile)|running
12100|14.0|12100|14.0|12100|12.3|running, 8.6 mph (7 min/mile)|running
12110|15.0|12110|15.0|12110|12.8|running, 9 mph (6.5 min/mile)|running
12120|16.0|12120|16.0|12120|14.5|running, 10 mph (6 min/mile)|running
12130|18.0|12130|18.0|12130|16.0|running, 11 mph (5.5 min/mile)|running
||||12132|19.0|running, 12 mph (5 min/mile)|running
||||12134|19.8|running, 13 mph (4.6 min/mile)|running
||||12135|23.0|running, 14 mph (4.3 min/mile)|running
12140|9.0|12140|9.0|12140|9.0|running, cross country|running
12150|8.0|12150|8.0|12150|8.0|running, (Taylor code 200)|running
12170|15.0|12170|15.0|12170|15.0|running, stairs, up|running
12180|10.0|12180|10.0|12180|10.0|running, on a track, team practice|running
12190|8.0|12190|8.0|12190|8.0|running, training, pushing a wheelchair or baby carrier|running
||||12200|13.3|running, marathon|running
13000|2.5|13000|2.0|13000|2.3|getting ready for bed, general, standing|self_care
13009|1.0|13009|1.0|13009|1.8|sitting on toilet, eliminating while standing or squating|self_care
13010|2.0|13010|1.5|13010|1.5|bathing, sitting|self_care
13020|2.5|13020|2.0|13020|2.5|dressing, undressing, standing or sitting|self_care
13030|1.5|13030|1.5|13030|1.5|eating, sitting|self_care
13035|2.0|13035|2.0|13035|2.0|talking and eating or eating only, standing|self_care
||13036|1.0|13036|1.5|taking medication, sitting or standing|self_care
13040|2.5|13040|2.0|13040|2.0|grooming, washing hands, shaving,  brushing teeth, putting on make-up, sitting or standing|self_care
||13045|2.5|13045|2.5|hairstyling, standing|self_care
||13046|1.0|13046|1.3|having hair or nails done by someone else, sitting|self_care
13050|4.0|13050|2.0|13050|2.0|showering, toweling off, standing|self_care
14010|1.5|14010|1.5|14010|2.8|active, vigorous effort|sexual_activity
14020|1.3|14020|1.3|14020|1.8|general, moderate effort|sexual_activity
14030|1.0|14030|1.0|14030|1.3|passive, light effort, kissing, hugging|sexual_activity
||||15000|5.5|Alaska Native Games, Eskimo Olympics, general|sports
15010|3.5|15010|3.5|15010|4.3|archery, non-hunting|sports
15020|7.0|15020|7.0|15020|7.0|badminton, competitive (Taylor Code 450)|sports
15030|4.5|15030|4.5|15030|5.5|badminton, social singles and doubles, general|sports
15040|8.0|15040|8.0|15040|8.0|basketball, game (Taylor Code 490)|sports
15050|6.0|15050|6.0|15050|6.0|basketball, non-game, general (Taylor Code 480)|sports
||||15055|6.5|basketball, general|sports
15060|7.0|15060|7.0|15060|7.0|basketball, officiating (Taylor Code 500)|sports
15070|4.5|15070|4.5|15070|4.5|basketball, shooting baskets|sports
||||15072|9.3|basketball, drills, practice|sports
15075|6.5|15075|6.5|15075|7.8|basketball, wheelchair|sports
15080|2.5|15080|2.5|15080|2.5|billiards|sports
15090|3.0|15090|3.0|15090|3.0|bowling (Taylor Code 390)|sports
||||15092|3.8|bowling, indoor, bowling alley|sports
15100|12.0|15100|12.0|15100|12.8|boxing, in ring, general|sports
15110|6.0|15110|6.0|15110|5.5|boxing, punching bag|sports
15120|9.0|15120|9.0|15120|7.8|boxing, sparring|sports
15130|7.0|15130|7.0|15130|7.0|broomball|sports
15135|5.0|15135|5.0|15135|5.8|childrenâs games, adults playing (e.g., hopscotch, 4-square, dodge ball, playground apparatus, t-ball, tetherball, marbles, jacks, arcade games), moderate effort|sports
||||15138|6.0|cheerleading, gymnastic moves, competitive|sports
15140|4.0|15140|4.0|15140|4.0|coaching, football, soccer, basketball, baseball, swimming, etc.|sports
||||15142|8.0|coaching, actively playing sport with players|sports
15150|5.0|15150|5.0|15150|4.8|cricket, batting, bowling, fielding|sports
15160|2.5|15160|2.5|15160|3.3|croquet|sports
15170|4.0|15170|4.0|15170|4.0|curling|sports
15180|2.5|15180|2.5|15180|2.5|darts, wall or lawn|sports
15190|6.0|15190|6.0|15190|6.0|drag racing, pushing or driving a car|sports
||||15192|8.5|auto racing, open wheel|sports
15200|6.0|15200|6.0|15200|6.0|fencing|sports
15210|9.0|15210|9.0|15210|8.0|football, competitive|sports
15230|8.0|15230|8.0|15230|8.0|football, touch, flag, general (Taylor Code 510)|sports
||||15232|4.0|football, touch, flag, light effort|sports
15235|2.5|15235|2.5|15235|2.5|football or baseball, playing catch|sports
15240|3.0|15240|3.0|15240|3.0|frisbee playing, general|sports
15250|3.5|15250|8.0|15250|8.0|frisbee, ultimate|sports
15255|4.5|15255|4.5|15255|4.8|golf, general|sports
15260|5.5|||||golf, carrying clubs (  Retired code  )|sports
||15265|4.5|15265|4.3|golf, walking, carrying clubs|sports
15270|3.0|15270|3.0|15270|3.0|golf, miniature, driving range|sports
15280|5.0|||||golf, pulling clubs  (  Retired code  )|sports
||15285|4.3|15285|5.3|golf, walking, pulling clubs|sports
15290|3.5|15290|3.5|15290|3.5|golf, using power cart (Taylor Code 070)|sports
15300|4.0|15300|4.0|15300|3.8|gymnastics, general|sports
15310|4.0|15310|4.0|15310|4.0|hacky sack|sports
15320|12.0|15320|12.0|15320|12.0|handball, general (Taylor Code 520)|sports
15330|8.0|15330|8.0|15330|8.0|handball, team|sports
||||15335|4.0|high ropes course, multiple elements|sports
15340|3.5|15340|3.5|15340|3.5|hang gliding|sports
15350|8.0|15350|8.0|15350|7.8|hockey, field|sports
15360|8.0|15360|8.0|15360|8.0|hockey, ice, general|sports
||||15362|10.0|hockey, ice, competitive|sports
15370|4.0|15370|4.0|15370|5.5|horseback riding, general|sports
||||15375|4.3|horse chores, feeding, watering, cleaning stalls, implied walking and lifting loads|sports
15380|3.5|15380|3.5|15380|4.5|saddling, cleaning, grooming, harnessing and unharnessing horse|sports
15390|6.5|15390|6.5|15390|5.8|horseback riding, trotting|sports
||||15395|7.3|horseback riding, canter or gallop|sports
15400|2.5|15400|2.5|15400|3.8|horseback riding,walking|sports
||||15402|9.0|horseback riding, jumping|sports
||||15408|1.8|horse cart, driving, standing or sitting|sports
15410|3.0|15410|3.0|15410|3.0|horseshoe pitching, quoits|sports
15420|12.0|15420|12.0|15420|12.0|jai alai|sports
||||15425|5.3|martial arts, different types, slower pace, novice performers, practice|sports
15430|10.0|15430|10.0|15430|10.3|martial arts, different types, moderate pace (e.g., judo, jujitsu, karate, kick boxing, tae kwan do, tai-bo, Muay Thai boxing)|sports
15440|4.0|15440|4.0|15440|4.0|juggling|sports
15450|7.0|15450|7.0|15450|7.0|kickball|sports
15460|8.0|15460|8.0|15460|8.0|lacrosse|sports
||||15465|3.3|lawn bowling, bocce ball, outdoor|sports
15470|4.0|15470|4.0|15470|4.0|moto-cross, off-road motor sports, all-terrain vehicle, general|sports
15480|9.0|15480|9.0|15480|9.0|orienteering|sports
15490|10.0|15490|10.0|15490|10.0|paddleball, competitive|sports
15500|6.0|15500|6.0|15500|6.0|paddleball, casual, general (Taylor Code 460)|sports
15510|8.0|15510|8.0|15510|8.0|polo, on horseback|sports
15520|10.0|15520|10.0|15520|10.0|racquetball, competitive|sports
15530|7.0|15530|7.0|15530|7.0|racquetball, general (Taylor Code 470)|sports
||||15533|8.0|rock or mountain climbing (Taylor Code 470)  (  Formerly code = 17120  )|sports
15535|11.0|15535|11.0|15535|7.5|rock climbing, ascending rock, high difficulty|sports
||||15537|5.8|rock climbing, ascending or traversing rock, low-to-moderate difficulty|sports
15540|8.0|15540|8.0|15540|5.0|rock climbing, rappelling|sports
||||15542|4.0|rodeo sports, general, light effort|sports
||||15544|5.5|rodeo sports, general, moderate effort|sports
||||15546|7.0|rodeo sports, general, vigorous effort|sports
15550|12.0|15550|12.0|15550|12.3|rope jumping, fast pace, 120-160 skips/min|sports
15551|10.0|15551|10.0|15551|11.8|rope jumping, moderate pace, 100-120 skips/min, general, 2 foot skip, plain bounce|sports
15552|8.0|15552|8.0|15552|8.8|rope jumping, slow pace, < 100 skips/min, 2 foot skip, rhythm bounce|sports
15560|10.0|15560|10.0|15560|8.3|rugby, union, team, competitive|sports
||||15562|6.3|rugby, touch, non-competitive|sports
15570|3.0|15570|3.0|15570|3.0|shuffleboard|sports
15580|5.0|15580|5.0|15580|5.0|skateboarding, general, moderate effort|sports
||||15582|6.0|skateboarding, competitive, vigorous effort|sports
15590|7.0|15590|7.0|15590|7.0|skating, roller (Taylor Code 360)|sports
||15591|12.0|15591|7.5|rollerblading, in-line skating, 14.4 km/h (9.0 mph), recreational pace|sports
||||15592|9.8|rollerblading, in-line skating, 17.7 km/h (11.0 mph), moderate pace, exercise training|sports
||||15593|12.3|rollerblading, in-line skating, 21.0 to 21.7 km/h (13.0 to 13.6 mph), fast pace, exercise training|sports
||||15594|14.0|rollerblading, in-line skating, 24.0 km/h (15.0 mph), maximal effort|sports
15600|3.5|15600|3.5|15600|3.5|skydiving, base jumping, bungee jumping|sports
15605|10.0|15605|10.0|15605|10.0|soccer, competitive|sports
15610|7.0|15610|7.0|15610|7.0|soccer, casual, general (Taylor Code 540)|sports
15620|5.0|15620|5.0|15620|5.0|softball or baseball, fast or slow pitch, general (Taylor Code 440)|sports
||||15625|4.0|softball, practice|sports
15630|4.0|15630|4.0|15630|4.0|softball, officiating|sports
15640|6.0|15640|6.0|15640|6.0|softball,pitching|sports
||||15645|3.3|sports spectator, very excited, emotional, physically moving|sports
15650|12.0|15650|12.0|15650|12.0|squash (Taylor Code 530)|sports
||||15652|7.3|squash, general|sports
15660|4.0|15660|4.0|15660|4.0|table tennis, ping pong (Taylor Code 410)|sports
15670|4.0|15670|4.0|15670|3.0|tai chi, qi gong, general|sports
||||15672|1.5|tai chi, qi gong, sitting, light effort|sports
15675|7.0|15675|7.0|15675|7.3|tennis, general|sports
15680|6.0|15680|6.0|15680|6.0|tennis, doubles (Taylor Code 430)|sports
||15685|5.0|15685|4.5|tennis, doubles|sports
15690|8.0|15690|8.0|15690|8.0|tennis, singles (Taylor Code 420)|sports
||||15695|5.0|tennis, hitting balls, non-game play, moderate effort|sports
15700|3.5|15700|3.5|15700|3.5|trampoline, recreational|sports
||||15702|4.5|trampoline, competitive|sports
15710|4.0|15710|4.0|15710|4.0|volleyball (Taylor Code 400)|sports
||15711|8.0|15711|6.0|volleyball, competitive, in gymnasium|sports
15720|3.0|15720|3.0|15720|3.0|volleyball, non-competitive, 6 - 9 member team, general|sports
15725|8.0|15725|8.0|15725|8.0|volleyball, beach, in sand|sports
15730|6.0|15730|6.0|15730|6.0|wrestling (one match = 5 minutes)|sports
15731|7.0|15731|7.0|15731|7.0|wallyball, general|sports
||15732|4.0|15732|4.0|track and field (e.g., shot, discus, hammer throw)|sports
||15733|6.0|15733|6.0|track and field (e.g., high jump, long jump, triple jump, javelin, pole vault)|sports
||15734|10.0|15734|10.0|track and field (e.g., steeplechase, hurdles)|sports
16010|2.0|16010|2.0|16010|2.5|automobile or light truck (not a semi) driving|transportation
||16015|1.0|16015|1.3|riding in a car or truck|transportation
||16016|1.0|16016|1.3|riding in a bus or train|transportation
16020|2.0|16020|2.0|16020|1.8|flying airplane or helicopter|transportation
16030|2.5|16030|2.5|16030|2.8|motor scooter, motorcycle|transportation
||||16035|6.3|pulling rickshaw|transportation
16040|6.0|16040|6.0|16040|6.0|pushing plane in and out of hangar|transportation
16050|3.0|16050|3.0|16050|2.5|truck, semi, tractor, > 1 ton, or bus, driving|transportation
||||16060|3.5|walking for transportation, 2.8-3.2 mph, level, moderate pace, firm surface|transportation
17010|7.0|17010|7.0|17010|7.0|backpacking (Taylor Code 050)|walking
||||17012|7.8|backpacking, hiking or organized walking with a daypack|walking
17020|3.5|17020|3.5|17020|5.0|carrying 15 pound load (e.g. suitcase), level ground or downstairs|walking
||||17021|2.3|carrying 15 lb child, slow walking|walking
17025|9.0|17025|9.0|17025|8.3|carrying load upstairs, general|walking
17026|5.0|17026|5.0|17026|5.0|carrying 1 to 15 lb load, upstairs|walking
17027|6.0|17027|6.0|17027|6.0|carrying 16 to 24 lb load, upstairs|walking
17028|8.0|17027|8.0|17028|8.0|carrying 25 to 49 lb load, upstairs|walking
17029|10.0|17029|10.0|17029|10.0|carrying 50 to 74 lb load, upstairs|walking
17030|12.0|17030|12.0|17030|12.0|carrying > 74 lb load, upstairs|walking
||17031|3.0|17031|3.5|loading /unloading a car, implied walking|walking
||||17033|6.3|climbing hills, no load|walking
17035|7.0|17035|7.0|17035|6.5|climbing hills with 0 to 9 lb load|walking
17040|7.5|17040|7.5|17040|7.3|climbing hills with 10 to 20 lb load|walking
17050|8.0|17050|8.0|17050|8.3|climbing hills with 21 to 42 lb load|walking
17060|9.0|17060|9.0|17060|9.0|climbing hills with 42+ lb load|walking
17070|3.0|17070|3.0|17070|3.5|descending stairs|walking
17080|6.0|17080|6.0|17080|6.0|hiking, cross country (Taylor Code 040)|walking
||||17082|5.3|hiking or walking at a normal pace through fields and hillsides|walking
||17085|2.5|17085|2.5|bird watching, slow walk|walking
||||17088|4.5|marching, moderate speed, military, no pack|walking
17090|6.5|17090|6.5|17090|8.0|marching rapidly, military, no pack|walking
17100|2.5|17100|2.5|17100|4.0|pushing or pulling stroller with child or walking with children, 2.5 to 3.1 mph|walking
||17105|4.0|17105|3.8|pushing a wheelchair, non-occupational|walking
17110|6.5|17110|6.5|17110|6.5|race walking|walking
17120|8.0|17120|8.0|||rock or mountain climbing (Taylor Code 060) (  moved to sports, code = 15533  )|walking
17130|8.0|17130|8.0|17130|8.0|stair climbing, using or climbing up ladder (Taylor Code 030)|walking
||||17133|4.0|stair climbing, slow pace|walking
||||17134|8.8|stair climbing, fast pace|walking
17140|4.0|17140|5.0|17140|5.0|using crutches|walking
17150|2.0|17150|2.0|17150|2.0|walking, household|walking
||17151|2.0|17151|2.0|walking, less than 2.0 mph, level, strolling, very slow|walking
||17152|2.5|17152|2.8|walking, 2.0 mph, level, slow pace, firm surface|walking
17160|2.5|17160|3.5|17160|3.5|walking for pleasure (Taylor Code 010)|walking
||17161|2.5|17161|2.5|walking from house to car or bus, from car or bus to go places, from car or bus to and from the worksite|walking
||17162|2.5|17162|2.5|walking to neighborâs house or familyâs house for social reasons|walking
||17165|3.0|17165|3.0|walking the dog|walking
17170|3.0|17170|3.0|17170|3.0|walking, 2.5 mph, level, firm surface|walking
17180|3.0|17180|2.8|17180|3.3|walking, 2.5 mph, downhill|walking
17190|3.5|17190|3.3|17190|3.5|walking, 2.8 to 3.2 mph, level, moderate pace, firm surface|walking
17200|4.0|17200|3.8|17200|4.3|walking, 3.5 mph, level, brisk, firm surface, walking for exercise|walking
17210|6.0|17210|6.0|17210|5.3|walking, 2.9 to 3.5 mph, uphill, 1 to 5% grade|walking
||||17211|8.0|walking, 2.9 to 3.5 mph, uphill, 6% to 15% grade|walking
17220|4.0|17220|5.0|17220|5.0|walking, 4.0 mph, level, firm surface, very brisk pace|walking
17230|4.5|17230|6.3|17230|7.0|walking, 4.5 mph, level, firm surface, very, very brisk|walking
||17231|8.0|17231|8.3|walking, 5.0 mph, level, firm surface|walking
||||17235|9.8|walking, 5.0 mph, uphill, 3% grade|walking
17250|3.5|17250|3.5|17250|3.5|walking, for pleasure, work break|walking
17260|5.0|17260|5.0|17260|4.8|walking, grass track|walking
||||17262|4.5|walking, normal pace, plowed field or sand|walking
17270|4.0|17270|4.0|17270|4.0|walking, to work or class (Taylor Code 015)|walking
||17280|2.5|17280|2.5|walking, to and from an outhouse|walking
||||17302|4.8|walking, for exercise, 3.5 to 4 mph, with ski poles, Nordic walking, level, moderate pace|walking
||||17305|9.5|walking, for exercise, 5.0 mph, with ski poles, Nordic walking, level, fast pace|walking
||||17310|6.8|walking, for exercise, with ski poles, Nordic walking, uphill|walking
||||17320|6.0|walking, backwards, 3.5 mph, level|walking
||||17325|8.0|walking, backwards, 3.5 mph, uphill, 5% grade|walking
18010|2.5|18010|2.5|18010|2.5|boating, power, driving|water_activities
||||18012|1.3|boating, power, passenger, light|water_activities
18020|4.0|18020|4.0|18020|4.0|canoeing, on camping trip (Taylor Code 270)|water_activities
||18025|3.3|18025|3.3|canoeing, harvesting wild rice, knocking rice off the stalks|water_activities
18030|7.0|18030|7.0|18030|7.0|canoeing, portaging|water_activities
18040|3.0|18040|3.0|18040|2.8|canoeing, rowing, 2.0-3.9 mph, light effort|water_activities
18050|7.0|18050|7.0|18050|5.8|canoeing, rowing, 4.0-5.9 mph, moderate effort|water_activities
18060|12.0|18060|12.0|18060|12.5|canoeing, rowing, kayaking, competition, >6 mph, vigorous effort|water_activities
18070|3.5|18070|3.5|18070|3.5|canoeing, rowing, for pleasure, general (Taylor Code 250)|water_activities
18080|12.0|18080|12.0|18080|12.0|canoeing, rowing, in competition, or crew or sculling (Taylor Code 260)|water_activities
18090|3.0|18090|3.0|18090|3.0|diving, springboard or platform|water_activities
18100|5.0|18100|5.0|18100|5.0|kayaking, moderate effort|water_activities
18110|4.0|18110|4.0|18110|4.0|paddle boat|water_activities
18120|3.0|18120|3.0|18120|3.0|sailing, boat and board sailing, windsurfing, ice sailing, general (Taylor Code 235)|water_activities
18130|5.0|18130|5.0|18130|4.5|sailing, in competition|water_activities
18140|3.0|18140|3.0|18140|3.3|sailing, Sunfish/Laser/Hobby Cat, Keel boats, ocean sailing, yachting, leisure|water_activities
18150|6.0|18150|6.0|18150|6.0|skiing, water or wakeboarding (Taylor Code 220)|water_activities
18160|7.0|18160|7.0|18160|7.0|jet skiing, driving, in water|water_activities
18170|12.0|||||skindiving or scuba diving as frogman (  Retired code  )|water_activities
18180|16.0|18180|16.0|18180|15.8|skindiving, fast|water_activities
18190|12.5|18190|12.5|18190|11.8|skindiving, moderate|water_activities
18200|7.0|18200|7.0|18200|7.0|skindiving, scuba diving, general (Taylor Code 310)|water_activities
18210|5.0|18210|5.0|18210|5.0|snorkeling (Taylor Code 310)|water_activities
18220|3.0|18220|3.0|18220|3.0|surfing, body or board, general|water_activities
||||18222|5.0|surfing, body or board, competitive|water_activities
||||18225|6.0|paddle boarding, standing|water_activities
18230|10.0|18230|10.0|18230|9.8|swimming laps, freestyle, fast, vigorous effort|water_activities
18240|8.0|18240|7.0|18240|5.8|swimming laps, freestyle, front crawl, slow, light or moderate effort|water_activities
18250|8.0|18250|7.0|18250|9.5|swimming, backstroke, general, training or competition|water_activities
||||18255|4.8|swimming, backstroke, recreational|water_activities
18260|10.0|18260|10.0|18260|10.3|swimming, breaststroke, general, training or competition|water_activities
||||18265|5.3|swimming, breaststroke, recreational|water_activities
18270|11.0|18270|11.0|18270|13.8|swimming, butterfly, general|water_activities
18280|11.0|18280|11.0|18280|10.0|swimming, crawl, fast speed, ~75 yards/minute, vigorous effort|water_activities
18290|8.0|18290|8.0|18290|8.3|swimming, crawl, medium speed, ~50 yards/minute, vigorous effort|water_activities
18300|6.0|18300|6.0|18300|6.0|swimming, lake, ocean, river (Taylor Codes 280, 295)|water_activities
18310|6.0|18310|6.0|18310|6.0|swimming, leisurely, not lap swimming, general|water_activities
18320|8.0|18320|8.0|18320|7.0|swimming, sidestroke, general|water_activities
18330|8.0|18330|8.0|18330|8.0|swimming, synchronized|water_activities
18340|10.0|18340|10.0|18340|9.8|swimming, treading water, fast, vigorous effort|water_activities
18350|4.0|18350|4.0|18350|3.5|swimming, treading water, moderate effort, general|water_activities
||||18352|2.3|tubing, floating on a river, general|water_activities
||18355|4.0|18355|5.5|water aerobics, water calisthenics|water_activities
18360|10.0|18360|10.0|18360|10.0|water polo|water_activities
18365|3.0|18365|3.0|18365|3.0|water volleyball|water_activities
||18366|8.0|18366|9.8|water jogging|water_activities
||||18367|2.5|water walking, light effort, slow pace|water_activities
||||18368|4.5|water walking, moderate effort, moderate pace|water_activities
||||18369|6.8|water walking, vigorous effort, brisk pace|water_activities
18370|5.0|18370|5.0|18370|5.0|whitewater rafting, kayaking, or canoeing|water_activities
||||18380|5.0|windsurfing, not pumping for speed|water_activities
||||18385|11.0|windsurfing or kitesurfing, crossing trial|water_activities
||||18390|13.5|windsurfing, competition, pumping for speed|water_activities
||||19005|7.5|dog sledding, mushing|winter_activities
||||19006|2.5|dog sledding, passenger|winter_activities
19010|6.0|19010|6.0|19010|6.0|moving ice house, set up/drill holes|winter_activities
||||19011|2.0|ice fishing, sitting|winter_activities
||||19018|14.0|skating, ice dancing|winter_activities
19020|5.5|19020|5.5|19020|5.5|skating, ice, 9 mph or less|winter_activities
19030|7.0|19030|7.0|19030|7.0|skating, ice, general (Taylor Code 360)|winter_activities
190410|9.0|19040|9.0|19040|9.0|skating, ice, rapidly, more than 9 mph, not competitive|winter_activities
19050|15.0|19050|15.0|19050|13.3|skating, speed, competitive|winter_activities
19060|7.0|19060|7.0|19060|7.0|ski jumping, climb up carrying skis|winter_activities
19075|7.0|19075|7.0|19075|7.0|skiing, general|winter_activities
19080|7.0|19080|7.0|19080|6.8|skiing, cross country, 2.5 mph, slow or light effort, ski walking|winter_activities
19090|8.0|19090|8.0|19090|9.0|skiing, cross country, 4.0-4.9 mph, moderate speed and effort, general|winter_activities
19100|9.0|19100|9.0|19100|12.5|skiing, cross country, 5.0-7.9 mph, brisk speed, vigorous effort|winter_activities
19110|14.0|19110|14.0|19110|15.0|skiing, cross country, >8.0 mph, elite skier, racing|winter_activities
19130|16.5|19130|16.5|19130|15.5|skiing, cross country, hard snow, uphill, maximum, snow mountaineering|winter_activities
||||19135|13.3|skiing, cross-country, skating|winter_activities
||||19140|13.5|skiing, cross-country, biathlon, skating technique|winter_activities
19150|5.0|19150|5.0|19150|4.3|skiing, downhill, alpine or snowboarding, light effort, active time only|winter_activities
19160|6.0|19160|6.0|19160|5.3|skiing, downhill, alpine or snowboarding, moderate effort, general, active time only|winter_activities
19170|8.0|19170|8.0|19170|8.0|skiing, downhill, vigorous effort, racing|winter_activities
||||19175|12.5|skiing, roller, elite racers|winter_activities
19180|7.0|19180|7.0|19180|7.0|sledding, tobogganing, bobsledding, luge (Taylor Code 370)|winter_activities
19190|8.0|19190|8.0|19190|5.3|snow shoeing, moderate effort|winter_activities
||||19192|10.0|snow shoeing, vigorous effort|winter_activities
19200|3.5|19200|3.5|19200|3.5|snowmobiling, driving, moderate|winter_activities
||||19202|2.0|snowmobiling, passenger|winter_activities
||||19252|5.3|snow shoveling, by hand, moderate effort|winter_activities
||||19254|7.5|snow shoveling, by hand, vigorous effort|winter_activities
||||19260|2.5|snow blower, walking and pushing|winter_activities
||20000|1.0|20000|1.3|sitting in church, in service, attending a ceremony, sitting quietly|religious_activities
||20001|2.5|20001|2.0|sitting, playing an instrument at church|religious_activities
||20005|1.5|20005|1.8|sitting in church, talking or singing, attending a ceremony, sitting, active participation|religious_activities
||20010|1.3|20010|1.3|sitting, reading religious materials at home|religious_activities
||20015|1.2|20015|1.3|standing quietly in church, attending a ceremony|religious_activities
||20020|2.0|20020|2.0|standing, singing in church, attending a ceremony, standing, active participation|religious_activities
||20025|1.0|20025|1.3|kneeling in church or at home, praying|religious_activities
||20030|1.8|20030|1.8|standing, talking in church|religious_activities
||20035|2.0|20035|2.0|walking in church|religious_activities
||20036|2.0|20036|2.0|walking, less than 2.0 mph, very slow|religious_activities
||20037|3.3|20037|3.5|walking, 3.0 mph, moderate speed, not carrying anything|religious_activities
||20038|3.8|20038|4.3|walking, 3.5 mph, brisk speed, not carrying anything|religious_activities
||20039|2.0|20039|2.0|walk/stand combination for religious purposes, usher|religious_activities
||20040|5.0|20040|5.0|praise with dance or run, spiritual dancing in church|religious_activities
||20045|2.5|20045|2.5|serving food at church|religious_activities
||20046|2.0|20046|2.0|preparing food at church|religious_activities
||20047|2.3|20047|3.3|washing dishes, cleaning kitchen at church|religious_activities
||20050|1.5|20050|1.5|eating at church|religious_activities
||20055|2.0|20055|2.0|eating/talking at church or standing eating, American Indian Feast days|religious_activities
||20060|3.0|20060|3.3|cleaning church|religious_activities
||20061|5.0|20061|4.0|general yard work at church|religious_activities
||20065|2.5|20065|3.5|standing, moderate effort (e.g., lifting heavy objects, assembling at fast rate)|religious_activities
||20095|4.0|20095|4.5|standing, moderate-to-heavy effort, manual labor, lifting â¥ 50 lbs, heavy maintenance|religious_activities
||20100|1.5|20100|1.3|typing, electric, manual, or computer|religious_activities
||21000|1.5|21000|1.5|sitting, meeting, general, and/or with talking involved|volunteer_activities
||21005|1.5|21005|1.5|sitting, light office work, in general|volunteer_activities
||21010|2.5|21010|2.5|sitting, moderate work|volunteer_activities
||21015|2.3|21015|2.3|standing, light work (filing, talking, assembling)|volunteer_activities
||21016|2.5|21016|2.0|sitting, child care, only active periods|volunteer_activities
||21017|3.0|21017|3.0|standing, child care, only active periods|volunteer_activities
||21018|4.0|21018|3.5|walk/run play with children, moderate, only active periods|volunteer_activities
||21019|5.0|21019|5.8|walk/run play with children, vigorous, only active periods|volunteer_activities
||21020|3.0|21020|3.0|standing, light/moderate work (e.g., pack boxes, assemble/repair, set up chairs/furniture)|volunteer_activities
||21025|3.5|21025|3.5|standing, moderate (lifting 50 lbs., assembling at fast rate)|volunteer_activities
||21030|4.0|21030|4.5|standing, moderate/heavy work|volunteer_activities
||21035|1.5|21035|1.3|typing, electric, manual, or computer|volunteer_activities
||21040|2.0|21040|2.0|walking, less than 2.0 mph, very slow|volunteer_activities
||21045|3.3|21045|3.5|walking, 3.0 mph, moderate speed, not carrying anything|volunteer_activities
||21050|3.8|21050|4.3|walking, 3.5 mph, brisk speed, not carrying anything|volunteer_activities
||21055|3.0|21055|3.5|walking, 2.5 mph slowly and carrying objects less than 25 pounds|volunteer_activities
||21060|4.0|21060|4.5|walking, 3.0 mph moderately and carrying objects less than 25 pounds, pushing something|volunteer_activities
||21065|4.5|21065|4.8|walking, 3.5 mph, briskly and carrying objects less than 25 pounds|volunteer_activities
||21070|3.0|21070|3.0|walk/stand combination, for volunteer purposes|volunteer_activities
